41_8ecb_89_104,41_8ecb
41_8ecb_136_155,41_8ecb
41_8ecb_272_303,41_8ecb
41_8ecb_937_946,41_8ecb
41_8ecb_984_989,41_8ecb
41_8ecb_1310_1315,41_8ecb
41_8ecb_1366_1370,41_8ecb
41_8ecb_1692_1696,41_8ecb
41_8ecb_1752_1770,41_8ecb
41_8ecb_1974_1986,41_8ecb
39_14ecb_13_23,39_14ecb
39_14ecb_64_79,39_14ecb
39_14ecb_86_99,39_14ecb
39_14ecb_118_128,39_14ecb
39_14ecb_155_161,39_14ecb
36_5ecb_131_148,36_5ecb
36_5ecb_160_170,36_5ecb
36_5ecb_195_199,36_5ecb
36_5ecb_230_241,36_5ecb
30_9ecb_179_226,30_9ecb
30_9ecb_423_427,30_9ecb
5_14ecb_1_22,5_14ecb
5_14ecb_35_49,5_14ecb
10_4ecb_1_10,10_4ecb
10_4ecb_50_63,10_4ecb
10_4ecb_82_94,10_4ecb
22_7ecb_74_103,22_7ecb
14_1ecb_1_4,14_1ecb
14_1ecb_68_90,14_1ecb
12_15ecb_1_5,12_15ecb
12_15ecb_35_39,12_15ecb
39_4ecb_5_15,39_4ecb
39_4ecb_29_39,39_4ecb
39_4ecb_61_72,39_4ecb
24_12ecb_1_27,24_12ecb
24_12ecb_43_87,24_12ecb
10_7ecb_392_409,10_7ecb
10_7ecb_412_422,10_7ecb
10_7ecb_589_601,10_7ecb
19_4ecb_930_954,19_4ecb
12_1ecb_11_15,12_1ecb
7_2ecb_1_18,7_2ecb
7_2ecb_32_35,7_2ecb
7_2ecb_88_100,7_2ecb
7_2ecb_159_183,7_2ecb
19_14ecb_433_453,19_14ecb
30_1ecb_245_259,30_1ecb
30_1ecb_1374_1378,30_1ecb
30_1ecb_1495_1513,30_1ecb
30_1ecb_2045_2064,30_1ecb
13_3ecb_109_120,13_3ecb
25_9ecb_76_87,25_9ecb
22_4ecb_66_95,22_4ecb
2_8ecb_35_47,2_8ecb
41_3ecb_4_18,41_3ecb
41_3ecb_39_60,41_3ecb
41_3ecb_106_124,41_3ecb
41_3ecb_135_141,41_3ecb
7_11ecb_202_211,7_11ecb
7_11ecb_272_278,7_11ecb
7_11ecb_310_320,7_11ecb
22_9ecb_32_47,22_9ecb
22_9ecb_74_102,22_9ecb
21_6ecb_102_108,21_6ecb
21_6ecb_166_224,21_6ecb
21_6ecb_239_252,21_6ecb
11_5ecb_1_6,11_5ecb
8_5ecb_26_71,8_5ecb
28_3ecb_53_65,28_3ecb
28_3ecb_79_82,28_3ecb
28_3ecb_128_139,28_3ecb
28_3ecb_257_261,28_3ecb
28_3ecb_276_289,28_3ecb
28_3ecb_376_392,28_3ecb
28_3ecb_414_425,28_3ecb
28_3ecb_445_449,28_3ecb
6_4ecb_1_11,6_4ecb
6_4ecb_30_48,6_4ecb
6_4ecb_106_114,6_4ecb
6_5ecb_46_65,6_5ecb
6_5ecb_262_273,6_5ecb
6_9ecb_28_39,6_9ecb
6_9ecb_62_70,6_9ecb
6_9ecb_114_122,6_9ecb
26_11ecb_14_24,26_11ecb
26_11ecb_53_57,26_11ecb
26_11ecb_77_97,26_11ecb
26_11ecb_114_124,26_11ecb
26_11ecb_198_242,26_11ecb
21_2ecb_134_164,21_2ecb
21_2ecb_194_211,21_2ecb
33_2ecb_87_101,33_2ecb
33_2ecb_819_826,33_2ecb
5_7ecb_4_22,5_7ecb
5_7ecb_95_109,5_7ecb
24_11ecb_99_201,24_11ecb
5_4ecb_342_348,5_4ecb
29_2ecb_1_5,29_2ecb
29_2ecb_37_41,29_2ecb
29_2ecb_54_68,29_2ecb
29_2ecb_95_100,29_2ecb
29_2ecb_115_122,29_2ecb
39_6ecb_52_62,39_6ecb
39_6ecb_191_197,39_6ecb
39_6ecb_210_220,39_6ecb
39_6ecb_268_281,39_6ecb
4_2ecb_1_11,4_2ecb
24_15ecb_33_92,24_15ecb
38_2ecb_152_174,38_2ecb
34_5ecb_19_29,34_5ecb
34_5ecb_99_111,34_5ecb
34_5ecb_161_164,34_5ecb
34_5ecb_251_271,34_5ecb
45_6ecb_53_66,45_6ecb
45_6ecb_79_100,45_6ecb
45_6ecb_222_230,45_6ecb
45_6ecb_397_405,45_6ecb
45_6ecb_468_481,45_6ecb
45_6ecb_601_609,45_6ecb
20_4ecb_104_117,20_4ecb
20_4ecb_228_232,20_4ecb
4_4ecb_1_11,4_4ecb
13_6ecb_1_11,13_6ecb
41_5ecb_33_44,41_5ecb
41_5ecb_69_75,41_5ecb
41_5ecb_143_157,41_5ecb
41_5ecb_1078_1192,41_5ecb
41_5ecb_1208_1217,41_5ecb
41_5ecb_1220_1225,41_5ecb
35_4ecb_135_150,35_4ecb
21_9ecb_39_45,21_9ecb
21_9ecb_134_172,21_9ecb
34_7ecb_21_33,34_7ecb
34_7ecb_57_69,34_7ecb
34_7ecb_154_157,34_7ecb
5_11ecb_1_14,5_11ecb
5_11ecb_47_69,5_11ecb
26_9ecb_125_136,26_9ecb
26_9ecb_164_181,26_9ecb
34_11ecb_1_16,34_11ecb
34_11ecb_105_120,34_11ecb
34_11ecb_140_152,34_11ecb
34_11ecb_178_183,34_11ecb
45_4ecb_1_13,45_4ecb
45_4ecb_174_188,45_4ecb
45_4ecb_275_283,45_4ecb
13_14ecb_1_20,13_14ecb
13_14ecb_54_65,13_14ecb
11_2ecb_1_12,11_2ecb
24_2ecb_153_172,24_2ecb
24_13ecb_75_113,24_13ecb
4_10ecb_1_11,4_10ecb
4_10ecb_120_127,4_10ecb
4_10ecb_135_148,4_10ecb
4_10ecb_159_179,4_10ecb
34_2ecb_38_43,34_2ecb
34_2ecb_104_122,34_2ecb
34_2ecb_133_148,34_2ecb
18_3ecb_1_5,18_3ecb
18_3ecb_116_122,18_3ecb
18_3ecb_130_157,18_3ecb
18_3ecb_179_205,18_3ecb
18_3ecb_232_257,18_3ecb
2_3ecb_201_213,2_3ecb
2_3ecb_304_309,2_3ecb
2_3ecb_376_419,2_3ecb
1_13ecb_42_51,1_13ecb
1_13ecb_136_145,1_13ecb
45_7ecb_13_27,45_7ecb
45_7ecb_73_77,45_7ecb
45_7ecb_207_215,45_7ecb
45_7ecb_393_397,45_7ecb
6_2ecb_17_28,6_2ecb
6_2ecb_77_85,6_2ecb
6_2ecb_99_107,6_2ecb
31_7ecb_1_10,31_7ecb
31_7ecb_2249_2259,31_7ecb
31_7ecb_2304_2308,31_7ecb
31_7ecb_2397_2411,31_7ecb
31_7ecb_2428_2438,31_7ecb
44_3ecb_237_252,44_3ecb
44_3ecb_337_360,44_3ecb
44_3ecb_414_416,44_3ecb
44_3ecb_459_468,44_3ecb
44_3ecb_926_941,44_3ecb
44_3ecb_957_980,44_3ecb
44_3ecb_1028_1053,44_3ecb
44_3ecb_1056_1058,44_3ecb
44_3ecb_2179_2186,44_3ecb
16_3ecb_143_162,16_3ecb
3_4ecb_25_38,3_4ecb
3_4ecb_213_226,3_4ecb
42_8ecb_1_8,42_8ecb
42_8ecb_29_50,42_8ecb
42_8ecb_91_101,42_8ecb
26_10ecb_2_12,26_10ecb
31_9ecb_442_452,31_9ecb
31_9ecb_494_498,31_9ecb
31_9ecb_539_553,31_9ecb
31_9ecb_559_569,31_9ecb
31_9ecb_2240_2250,31_9ecb
31_9ecb_2256_2260,31_9ecb
31_9ecb_2380_2393,31_9ecb
31_9ecb_2398_2417,31_9ecb
25_4ecb_127_133,25_4ecb
25_4ecb_141_145,25_4ecb
25_4ecb_269_276,25_4ecb
25_4ecb_281_289,25_4ecb
25_4ecb_350_356,25_4ecb
23_6ecb_1_11,23_6ecb
23_6ecb_21_29,23_6ecb
36_3ecb_234_245,36_3ecb
36_3ecb_261_278,36_3ecb
36_3ecb_283_293,36_3ecb
36_3ecb_331_340,36_3ecb
36_3ecb_386_390,36_3ecb
36_3ecb_1856_1860,36_3ecb
36_3ecb_1894_1901,36_3ecb
27_10ecb_1_9,27_10ecb
27_10ecb_28_33,27_10ecb
27_10ecb_50_54,27_10ecb
27_10ecb_55_64,27_10ecb
27_10ecb_144_161,27_10ecb
27_10ecb_426_435,27_10ecb
27_10ecb_439_441,27_10ecb
27_10ecb_469_481,27_10ecb
27_10ecb_486_498,27_10ecb
27_10ecb_501_516,27_10ecb
27_10ecb_519_530,27_10ecb
27_10ecb_535_539,27_10ecb
27_10ecb_546_548,27_10ecb
27_10ecb_551_562,27_10ecb
27_10ecb_565_570,27_10ecb
27_10ecb_573_584,27_10ecb
27_10ecb_589_593,27_10ecb
1_10ecb_21_30,1_10ecb
1_10ecb_52_77,1_10ecb
1_10ecb_93_99,1_10ecb
1_10ecb_388_394,1_10ecb
1_10ecb_407_415,1_10ecb
1_2ecb_17_26,1_2ecb
31_3ecb_1_16,31_3ecb
31_3ecb_51_65,31_3ecb
31_3ecb_110_119,31_3ecb
31_3ecb_162_172,31_3ecb
31_3ecb_296_310,31_3ecb
31_3ecb_406_416,31_3ecb
31_3ecb_424_433,31_3ecb
11_10ecb_11_14,11_10ecb
11_10ecb_18_24,11_10ecb
35_10ecb_11_18,35_10ecb
35_10ecb_154_162,35_10ecb
35_10ecb_213_220,35_10ecb
35_10ecb_241_266,35_10ecb
25_15ecb_37_58,25_15ecb
25_15ecb_73_84,25_15ecb
25_15ecb_134_144,25_15ecb
45_2ecb_65_79,45_2ecb
45_2ecb_142_146,45_2ecb
45_2ecb_266_270,45_2ecb
45_2ecb_363_367,45_2ecb
45_2ecb_372_378,45_2ecb
45_2ecb_433_438,45_2ecb
27_14ecb_30_39,27_14ecb
27_14ecb_46_48,27_14ecb
27_14ecb_1510_1519,27_14ecb
27_14ecb_1530_1532,27_14ecb
27_14ecb_1602_1622,27_14ecb
42_6ecb_1_8,42_6ecb
42_6ecb_47_68,42_6ecb
42_6ecb_125_127,42_6ecb
42_6ecb_164_172,42_6ecb
42_6ecb_222_243,42_6ecb
1_11ecb_1_9,1_11ecb
1_11ecb_82_88,1_11ecb
1_11ecb_93_102,1_11ecb
1_11ecb_267_283,1_11ecb
1_11ecb_316_325,1_11ecb
1_11ecb_351_376,1_11ecb
39_7ecb_49_60,39_7ecb
26_6ecb_12_22,26_6ecb
26_6ecb_143_160,26_6ecb
26_6ecb_271_327,26_6ecb
29_4ecb_495_502,29_4ecb
29_4ecb_567_572,29_4ecb
29_4ecb_598_605,29_4ecb
29_4ecb_606_639,29_4ecb
10_5ecb_235_247,10_5ecb
10_5ecb_303_311,10_5ecb
7_3ecb_23_41,7_3ecb
7_3ecb_117_129,7_3ecb
13_7ecb_97_117,13_7ecb
31_10ecb_87_103,31_10ecb
31_10ecb_144_158,31_10ecb
31_10ecb_315_319,31_10ecb
32_1ecb_1_11,32_1ecb
32_1ecb_662_672,32_1ecb
32_1ecb_748_755,32_1ecb
39_10ecb_241_246,39_10ecb
39_10ecb_276_286,39_10ecb
39_10ecb_344_354,39_10ecb
39_10ecb_357_370,39_10ecb
39_10ecb_390_398,39_10ecb
39_10ecb_423_428,39_10ecb
30_2ecb_159_173,30_2ecb
30_2ecb_397_408,30_2ecb
30_2ecb_413_424,30_2ecb
30_2ecb_501_517,30_2ecb
30_2ecb_563_577,30_2ecb
30_2ecb_623_637,30_2ecb
30_2ecb_1587_1602,30_2ecb
30_2ecb_1633_1647,30_2ecb
40_4ecb_15_26,40_4ecb
40_4ecb_79_84,40_4ecb
40_4ecb_123_136,40_4ecb
9_8ecb_4_23,9_8ecb
9_8ecb_78_100,9_8ecb
13_1ecb_78_89,13_1ecb
38_3ecb_257_277,38_3ecb
24_4ecb_124_171,24_4ecb
31_14ecb_1_10,31_14ecb
31_14ecb_17_21,31_14ecb
31_14ecb_52_66,31_14ecb
31_14ecb_465_475,31_14ecb
31_14ecb_483_487,31_14ecb
31_14ecb_565_574,31_14ecb
31_14ecb_599_609,31_14ecb
27_12ecb_42_51,27_12ecb
27_12ecb_139_156,27_12ecb
23_10ecb_1_6,23_10ecb
32_6ecb_30_51,32_6ecb
1_19ecb_1_9,1_19ecb
1_19ecb_26_66,1_19ecb
1_19ecb_114_126,1_19ecb
1_19ecb_207_217,1_19ecb
1_19ecb_243_272,1_19ecb
1_19ecb_307_310,1_19ecb
1_15ecb_25_34,1_15ecb
1_15ecb_124_128,1_15ecb
40_10ecb_6_11,40_10ecb
40_10ecb_194_199,40_10ecb
40_10ecb_252_263,40_10ecb
25_13ecb_1_11,25_13ecb
6_1ecb_1_11,6_1ecb
6_1ecb_42_50,6_1ecb
6_1ecb_114_122,6_1ecb
19_15ecb_197_218,19_15ecb
19_15ecb_317_337,19_15ecb
6_6ecb_53_73,6_6ecb
6_6ecb_97_108,6_6ecb
6_6ecb_135_143,6_6ecb
6_6ecb_146_154,6_6ecb
6_6ecb_167_186,6_6ecb
12_18ecb_11_15,12_18ecb
3_3ecb_43_56,3_3ecb
3_3ecb_149_170,3_3ecb
9_4ecb_4_23,9_4ecb
31_13ecb_97_108,31_13ecb
31_13ecb_111_127,31_13ecb
31_13ecb_135_138,31_13ecb
4_12ecb_39_50,4_12ecb
10_3ecb_4_22,10_3ecb
10_3ecb_67_80,10_3ecb
14_8ecb_26_44,14_8ecb
37_1ecb_359_381,37_1ecb
28_1ecb_61_77,28_1ecb
28_1ecb_110_113,28_1ecb
28_1ecb_168_179,28_1ecb
28_1ecb_264_268,28_1ecb
28_1ecb_289_324,28_1ecb
28_5ecb_47_59,28_5ecb
28_5ecb_109_134,28_5ecb
28_5ecb_135_147,28_5ecb
28_5ecb_152_166,28_5ecb
39_12ecb_56_71,39_12ecb
39_12ecb_92_102,39_12ecb
42_2ecb_402_414,42_2ecb
42_2ecb_438_448,42_2ecb
42_2ecb_478_499,42_2ecb
12_17ecb_47_51,12_17ecb
18_15ecb_57_99,18_15ecb
9_5ecb_88_110,9_5ecb
9_5ecb_138_156,9_5ecb
13_22ecb_83_94,13_22ecb
24_9ecb_118_198,24_9ecb
4_6ecb_22_33,4_6ecb
14_10ecb_27_43,14_10ecb
27_13ecb_67_76,27_13ecb
27_13ecb_174_191,27_13ecb
27_13ecb_278_285,27_13ecb
27_13ecb_312_321,27_13ecb
27_13ecb_329_337,27_13ecb
27_13ecb_376_385,27_13ecb
27_13ecb_443_450,27_13ecb
13_2ecb_12_23,13_2ecb
13_2ecb_38_42,13_2ecb
13_2ecb_171_191,13_2ecb
25_1ecb_24_46,25_1ecb
25_1ecb_72_83,25_1ecb
19_12ecb_154_178,19_12ecb
40_8ecb_98_109,40_8ecb
40_8ecb_118_123,40_8ecb
25_11ecb_1_22,25_11ecb
25_11ecb_37_41,25_11ecb
25_11ecb_88_112,25_11ecb
25_11ecb_164_168,25_11ecb
25_11ecb_230_237,25_11ecb
25_11ecb_242_250,25_11ecb
34_12ecb_1_12,34_12ecb
34_12ecb_53_68,34_12ecb
34_12ecb_224_234,34_12ecb
34_12ecb_264_271,34_12ecb
34_12ecb_321_326,34_12ecb
34_12ecb_433_436,34_12ecb
34_12ecb_451_456,34_12ecb
28_12ecb_149_161,28_12ecb
28_12ecb_175_178,28_12ecb
28_12ecb_209_222,28_12ecb
28_12ecb_294_305,28_12ecb
28_12ecb_367_389,28_12ecb
28_12ecb_598_617,28_12ecb
28_12ecb_620_624,28_12ecb
28_12ecb_656_691,28_12ecb
28_12ecb_707_716,28_12ecb
42_11ecb_1_12,42_11ecb
42_11ecb_99_115,42_11ecb
12_2ecb_148_153,12_2ecb
7_10ecb_1_18,7_10ecb
7_10ecb_32_35,7_10ecb
7_10ecb_66_78,7_10ecb
7_10ecb_100_112,7_10ecb
7_1ecb_1_18,7_1ecb
7_1ecb_56_68,7_1ecb
7_1ecb_143_146,7_1ecb
7_1ecb_149_152,7_1ecb
7_1ecb_157_160,7_1ecb
41_4ecb_62_77,41_4ecb
41_4ecb_99_105,41_4ecb
41_4ecb_116_121,41_4ecb
41_4ecb_178_187,41_4ecb
41_4ecb_321_328,41_4ecb
41_4ecb_456_463,41_4ecb
41_4ecb_792_799,41_4ecb
41_4ecb_811_827,41_4ecb
41_4ecb_2731_2742,41_4ecb
1_3ecb_1_9,1_3ecb
1_3ecb_120_132,1_3ecb
1_3ecb_182_217,1_3ecb
1_3ecb_249_262,1_3ecb
34_1ecb_53_69,34_1ecb
34_1ecb_97_117,34_1ecb
34_1ecb_138_158,34_1ecb
34_1ecb_161_174,34_1ecb
12_6ecb_11_15,12_6ecb
26_4ecb_12_22,26_4ecb
26_4ecb_121_132,26_4ecb
26_4ecb_217_234,26_4ecb
26_4ecb_257_286,26_4ecb
2_11ecb_44_56,2_11ecb
27_6ecb_48_57,27_6ecb
27_6ecb_135_152,27_6ecb
43_6ecb_131_136,43_6ecb
43_6ecb_173_195,43_6ecb
43_6ecb_265_281,43_6ecb
43_6ecb_827_849,43_6ecb
43_6ecb_852_868,43_6ecb
43_6ecb_908_911,43_6ecb
43_6ecb_936_941,43_6ecb
43_6ecb_988_993,43_6ecb
30_7ecb_198_206,30_7ecb
30_7ecb_209_213,30_7ecb
30_7ecb_220_224,30_7ecb
30_7ecb_233_275,30_7ecb
30_7ecb_369_376,30_7ecb
9_10ecb_4_23,9_10ecb
5_10ecb_1_22,5_10ecb
5_10ecb_35_49,5_10ecb
40_9ecb_25_36,40_9ecb
38_1ecb_123_145,38_1ecb
38_1ecb_237_241,38_1ecb
38_1ecb_450_454,38_1ecb
38_1ecb_546_550,38_1ecb
25_12ecb_1_22,25_12ecb
25_12ecb_30_41,25_12ecb
25_12ecb_97_100,25_12ecb
44_5ecb_120_135,44_5ecb
44_5ecb_149_172,44_5ecb
44_5ecb_269_271,44_5ecb
44_5ecb_428_430,44_5ecb
44_5ecb_667_702,44_5ecb
44_5ecb_807_830,44_5ecb
39_8ecb_36_46,39_8ecb
39_8ecb_68_74,39_8ecb
39_8ecb_82_91,39_8ecb
1_17ecb_22_31,1_17ecb
1_17ecb_113_122,1_17ecb
1_17ecb_148_173,1_17ecb
1_17ecb_273_286,1_17ecb
24_3ecb_79_120,24_3ecb
31_12ecb_894_903,31_12ecb
9_3ecb_19_34,9_3ecb
9_3ecb_75_97,9_3ecb
9_3ecb_214_226,9_3ecb
3_8ecb_23_36,3_8ecb
39_11ecb_25_35,39_11ecb
40_6ecb_1_5,40_6ecb
40_6ecb_10_20,40_6ecb
40_6ecb_108_132,40_6ecb
22_2ecb_57_85,22_2ecb
35_3ecb_63_78,35_3ecb
35_3ecb_166_169,35_3ecb
35_3ecb_185_191,35_3ecb
35_3ecb_204_211,35_3ecb
35_3ecb_371_379,35_3ecb
22_6ecb_1_15,22_6ecb
22_6ecb_38_66,22_6ecb
22_6ecb_151_173,22_6ecb
5_2ecb_1_14,5_2ecb
5_2ecb_46_68,5_2ecb
29_8ecb_24_31,29_8ecb
29_8ecb_40_44,29_8ecb
29_8ecb_258_276,29_8ecb
40_3ecb_1_5,40_3ecb
40_3ecb_51_62,40_3ecb
40_3ecb_140_145,40_3ecb
13_16ecb_9_15,13_16ecb
21_11ecb_294_325,21_11ecb
10_1ecb_93_103,10_1ecb
10_1ecb_162_175,10_1ecb
34_8ecb_13_25,34_8ecb
28_2ecb_1_9,28_2ecb
28_2ecb_30_41,28_2ecb
28_2ecb_63_78,28_2ecb
28_2ecb_89_101,28_2ecb
28_2ecb_106_120,28_2ecb
28_2ecb_177_190,28_2ecb
28_2ecb_214_218,28_2ecb
30_10ecb_70_88,30_10ecb
30_10ecb_675_684,30_10ecb
30_10ecb_893_902,30_10ecb
19_1ecb_180_204,19_1ecb
8_6ecb_1_19,8_6ecb
8_6ecb_44_64,8_6ecb
2_2ecb_571_583,2_2ecb
11_11ecb_1_6,11_11ecb
39_2ecb_25_35,39_2ecb
39_2ecb_50_60,39_2ecb
41_2ecb_65_79,41_2ecb
41_2ecb_119_121,41_2ecb
44_6ecb_96_115,44_6ecb
44_6ecb_139_168,44_6ecb
44_6ecb_182_185,44_6ecb
44_6ecb_224_227,44_6ecb
44_6ecb_264_279,44_6ecb
44_6ecb_334_337,44_6ecb
44_6ecb_614_623,44_6ecb
44_6ecb_659_674,44_6ecb
44_6ecb_693_696,44_6ecb
44_6ecb_835_839,44_6ecb
31_11ecb_1_16,31_11ecb
31_11ecb_23_32,31_11ecb
31_11ecb_65_79,31_11ecb
31_11ecb_205_215,31_11ecb
31_11ecb_237_242,31_11ecb
31_11ecb_256_266,31_11ecb
31_11ecb_347_375,31_11ecb
31_11ecb_501_511,31_11ecb
10_6ecb_4_22,10_6ecb
10_6ecb_65_78,10_6ecb
4_13ecb_107_118,4_13ecb
3_5ecb_44_57,3_5ecb
3_5ecb_129_149,3_5ecb
27_16ecb_185_194,27_16ecb
27_16ecb_257_265,27_16ecb
27_16ecb_298_315,27_16ecb
45_5ecb_1_8,45_5ecb
45_5ecb_82_86,45_5ecb
14_4ecb_1_22,14_4ecb
35_6ecb_11_18,35_6ecb
35_6ecb_71_86,35_6ecb
4_1ecb_1_11,4_1ecb
4_1ecb_96_105,4_1ecb
28_6ecb_11_14,28_6ecb
28_6ecb_60_71,28_6ecb
45_8ecb_38_52,45_8ecb
5_6ecb_293_307,5_6ecb
5_9ecb_1_16,5_9ecb
5_9ecb_35_57,5_9ecb
5_9ecb_86_100,5_9ecb
39_1ecb_4_7,39_1ecb
39_1ecb_32_42,39_1ecb
39_1ecb_110_120,39_1ecb
2_9ecb_395_407,2_9ecb
2_9ecb_498_548,2_9ecb
2_9ecb_552_555,2_9ecb
21_7ecb_71_86,21_7ecb
21_7ecb_140_159,21_7ecb
21_7ecb_160_209,21_7ecb
8_7ecb_1_4,8_7ecb
8_7ecb_17_30,8_7ecb
8_7ecb_110_146,8_7ecb
8_7ecb_190_209,8_7ecb
33_3ecb_45_61,33_3ecb
33_3ecb_122_136,33_3ecb
33_3ecb_721_728,33_3ecb
33_3ecb_753_761,33_3ecb
33_3ecb_2679_2686,33_3ecb
33_3ecb_4604_4611,33_3ecb
33_3ecb_4644_4649,33_3ecb
33_3ecb_4652_4657,33_3ecb
33_3ecb_4672_4680,33_3ecb
1_5ecb_67_76,1_5ecb
1_5ecb_117_121,1_5ecb
1_5ecb_135_193,1_5ecb
1_5ecb_296_309,1_5ecb
1_5ecb_316_331,1_5ecb
1_5ecb_334_338,1_5ecb
9_7ecb_38_50,9_7ecb
9_7ecb_70_89,9_7ecb
39_9ecb_12_22,39_9ecb
39_9ecb_68_74,39_9ecb
41_1ecb_1_6,41_1ecb
41_1ecb_101_111,41_1ecb
41_1ecb_407_414,41_1ecb
41_1ecb_569_586,41_1ecb
41_1ecb_3278_3294,41_1ecb
41_1ecb_3301_3317,41_1ecb
41_1ecb_3427_3432,41_1ecb
41_1ecb_3491_3496,41_1ecb
37_4ecb_482_502,37_4ecb
37_4ecb_628_639,37_4ecb
37_4ecb_873_888,37_4ecb
40_1ecb_72_82,40_1ecb
40_1ecb_113_119,40_1ecb
40_1ecb_124_129,40_1ecb
40_1ecb_162_173,40_1ecb
13_9ecb_1_10,13_9ecb
13_9ecb_18_33,13_9ecb
40_2ecb_193_204,40_2ecb
24_6ecb_223_252,24_6ecb
4_11ecb_1_11,4_11ecb
1_7ecb_7_19,1_7ecb
1_7ecb_43_51,1_7ecb
1_7ecb_113_143,1_7ecb
1_7ecb_160_169,1_7ecb
1_7ecb_195_220,1_7ecb
1_7ecb_479_483,1_7ecb
1_7ecb_523_535,1_7ecb
1_7ecb_571_579,1_7ecb
9_1ecb_49_68,9_1ecb
9_1ecb_172_191,9_1ecb
9_1ecb_214_253,9_1ecb
9_1ecb_322_347,9_1ecb
9_1ecb_355_388,9_1ecb
29_9ecb_51_65,29_9ecb
29_9ecb_85_103,29_9ecb
29_9ecb_164_176,29_9ecb
28_13ecb_36_42,28_13ecb
28_13ecb_99_111,28_13ecb
28_13ecb_130_161,28_13ecb
28_13ecb_214_225,28_13ecb
28_13ecb_241_253,28_13ecb
28_13ecb_312_327,28_13ecb
25_2ecb_64_75,25_2ecb
25_2ecb_109_131,25_2ecb
25_2ecb_192_203,25_2ecb
25_2ecb_263_267,25_2ecb
25_2ecb_289_295,25_2ecb
25_2ecb_301_311,25_2ecb
25_2ecb_399_403,25_2ecb
23_2ecb_3_13,23_2ecb
42_10ecb_1_8,42_10ecb
42_10ecb_67_87,42_10ecb
6_7ecb_59_70,6_7ecb
6_7ecb_101_109,6_7ecb
1_18ecb_122_161,1_18ecb
4_3ecb_1_11,4_3ecb
12_19ecb_57_61,12_19ecb
25_5ecb_185_192,25_5ecb
25_5ecb_195_199,25_5ecb
39_3ecb_1_7,39_3ecb
39_3ecb_51_58,39_3ecb
39_3ecb_122_132,39_3ecb
39_3ecb_264_269,39_3ecb
27_17ecb_51_60,27_17ecb
27_17ecb_164_181,27_17ecb
34_13ecb_1_12,34_13ecb
34_13ecb_21_37,34_13ecb
34_13ecb_38_53,34_13ecb
34_13ecb_124_136,34_13ecb
1_8ecb_72_78,1_8ecb
1_8ecb_149_161,1_8ecb
1_8ecb_200_209,1_8ecb
1_8ecb_223_248,1_8ecb
19_5ecb_392_416,19_5ecb
12_16ecb_1_9,12_16ecb
18_12ecb_1_9,18_12ecb
29_6ecb_61_71,29_6ecb
29_6ecb_79_82,29_6ecb
29_6ecb_94_108,29_6ecb
29_6ecb_182_187,29_6ecb
29_6ecb_197_204,29_6ecb
21_10ecb_143_179,21_10ecb
4_9ecb_72_83,4_9ecb
5_12ecb_184_190,5_12ecb
5_12ecb_218_240,5_12ecb
33_5ecb_45_59,33_5ecb
33_5ecb_100_130,33_5ecb
33_5ecb_333_349,33_5ecb
33_5ecb_449_455,33_5ecb
33_5ecb_608_614,33_5ecb
33_5ecb_1067_1075,33_5ecb
33_5ecb_1107_1113,33_5ecb
33_5ecb_1129_1134,33_5ecb
33_5ecb_1171_1176,33_5ecb
33_5ecb_1282_1288,33_5ecb
33_5ecb_1351_1358,33_5ecb
33_5ecb_2629_2658,33_5ecb
33_5ecb_2689_2705,33_5ecb
33_5ecb_2799_2806,33_5ecb
33_5ecb_2854_2868,33_5ecb
33_5ecb_2953_2959,33_5ecb
33_5ecb_3025_3037,33_5ecb
36_8ecb_117_121,36_8ecb
1_6ecb_11_26,1_6ecb
1_6ecb_29_42,1_6ecb
1_6ecb_45_54,1_6ecb
1_6ecb_96_106,1_6ecb
1_6ecb_134_159,1_6ecb
1_6ecb_212_220,1_6ecb
1_6ecb_256_268,1_6ecb
1_6ecb_277_287,1_6ecb
1_6ecb_298_314,1_6ecb
5_3ecb_49_61,5_3ecb
5_3ecb_99_113,5_3ecb
5_5ecb_1_14,5_5ecb
5_5ecb_32_35,5_5ecb
5_5ecb_83_101,5_5ecb
34_10ecb_27_32,34_10ecb
34_10ecb_62_67,34_10ecb
34_10ecb_219_222,34_10ecb
34_10ecb_391_396,34_10ecb
34_10ecb_476_488,34_10ecb
34_10ecb_527_547,34_10ecb
34_10ecb_558_578,34_10ecb
34_10ecb_648_653,34_10ecb
34_10ecb_710_720,34_10ecb
44_1ecb_206_221,44_1ecb
44_1ecb_267_290,44_1ecb
44_1ecb_2335_2340,44_1ecb
14_9ecb_1_13,14_9ecb
7_8ecb_1_18,7_8ecb
7_8ecb_27_39,7_8ecb
7_8ecb_75_78,7_8ecb
7_8ecb_81_84,7_8ecb
7_8ecb_89_92,7_8ecb
7_8ecb_115_150,7_8ecb
4_8ecb_1_11,4_8ecb
31_4ecb_1_10,31_4ecb
31_4ecb_73_100,31_4ecb
31_4ecb_168_178,31_4ecb
43_8ecb_1_3,43_8ecb
43_8ecb_7_10,43_8ecb
43_8ecb_89_92,43_8ecb
43_8ecb_119_135,43_8ecb
43_8ecb_210_213,43_8ecb
43_8ecb_1019_1022,43_8ecb
13_13ecb_4_24,13_13ecb
25_3ecb_223_241,25_3ecb
25_3ecb_293_300,25_3ecb
25_3ecb_305_313,25_3ecb
25_3ecb_667_678,25_3ecb
43_5ecb_27_30,43_5ecb
43_5ecb_195_217,43_5ecb
43_5ecb_354_370,43_5ecb
43_5ecb_398_401,43_5ecb
43_5ecb_616_621,43_5ecb
43_5ecb_668_671,43_5ecb
43_5ecb_1260_1271,43_5ecb
43_5ecb_1306_1309,43_5ecb
43_5ecb_2095_2098,43_5ecb
43_5ecb_2818_2822,43_5ecb
43_5ecb_2939_2942,43_5ecb
43_5ecb_3346_3349,43_5ecb
43_5ecb_3353_3356,43_5ecb
43_5ecb_3494_3504,43_5ecb
43_5ecb_3554_3557,43_5ecb
11_6ecb_1_8,11_6ecb
11_6ecb_60_68,11_6ecb
6_8ecb_393_404,6_8ecb
6_8ecb_430_438,6_8ecb
28_7ecb_64_76,28_7ecb
28_7ecb_91_105,28_7ecb
28_7ecb_113_116,28_7ecb
28_7ecb_153_169,28_7ecb
28_7ecb_219_230,28_7ecb
43_3ecb_147_175,43_3ecb
43_3ecb_272_296,43_3ecb
43_3ecb_324_327,43_3ecb
43_3ecb_374_377,43_3ecb
43_3ecb_423_433,43_3ecb
43_3ecb_436_439,43_3ecb
43_3ecb_474_477,43_3ecb
43_3ecb_644_647,43_3ecb
43_3ecb_779_782,43_3ecb
43_3ecb_812_817,43_3ecb
43_3ecb_828_843,43_3ecb
43_3ecb_3383_3389,43_3ecb
43_3ecb_3411_3414,43_3ecb
43_3ecb_3418_3421,43_3ecb
18_14ecb_186_213,18_14ecb
18_14ecb_258_323,18_14ecb
27_5ecb_55_64,27_5ecb
27_5ecb_103_120,27_5ecb
27_5ecb_252_261,27_5ecb
27_5ecb_393_402,27_5ecb
34_16ecb_16_28,34_16ecb
34_16ecb_82_98,34_16ecb
34_16ecb_105_125,34_16ecb
34_16ecb_137_145,34_16ecb
34_16ecb_164_169,34_16ecb
34_16ecb_186_196,34_16ecb
34_16ecb_251_253,34_16ecb
34_16ecb_266_287,34_16ecb
34_16ecb_299_307,34_16ecb
34_16ecb_340_345,34_16ecb
34_16ecb_465_470,34_16ecb
42_12ecb_111_119,42_12ecb
20_3ecb_189_192,20_3ecb
20_3ecb_220_224,20_3ecb
39_13ecb_57_63,39_13ecb
39_13ecb_92_107,39_13ecb
39_13ecb_120_133,39_13ecb
39_13ecb_169_173,39_13ecb
30_12ecb_403_415,30_12ecb
30_12ecb_443_466,30_12ecb
30_12ecb_766_779,30_12ecb
24_1ecb_102_121,24_1ecb
42_1ecb_1_8,42_1ecb
42_1ecb_62_80,42_1ecb
42_1ecb_116_132,42_1ecb
9_6ecb_745_764,9_6ecb
9_6ecb_868_890,9_6ecb
10_2ecb_23_35,10_2ecb
10_2ecb_53_70,10_2ecb
10_2ecb_136_149,10_2ecb
35_9ecb_28_43,35_9ecb
35_9ecb_116_119,35_9ecb
35_9ecb_135_141,35_9ecb
21_1ecb_240_282,21_1ecb
27_7ecb_33_42,27_7ecb
27_7ecb_110_127,27_7ecb
27_2ecb_118_127,27_2ecb
27_2ecb_166_183,27_2ecb
8_3ecb_178_193,8_3ecb
4_5ecb_25_35,4_5ecb
6_3ecb_1_20,6_3ecb
6_3ecb_52_63,6_3ecb
6_3ecb_122_130,6_3ecb
28_4ecb_1_9,28_4ecb
28_4ecb_107_118,28_4ecb
45_3ecb_20_33,45_3ecb
45_3ecb_140_154,45_3ecb
36_7ecb_1_4,36_7ecb
36_7ecb_35_44,36_7ecb
36_7ecb_45_51,36_7ecb
36_7ecb_92_95,36_7ecb
36_7ecb_115_124,36_7ecb
36_7ecb_179_189,36_7ecb
36_7ecb_231_234,36_7ecb
36_7ecb_237_254,36_7ecb
36_7ecb_259_269,36_7ecb
36_7ecb_332_345,36_7ecb
36_7ecb_351_355,36_7ecb
36_7ecb_453_471,36_7ecb
38_4ecb_105_127,38_4ecb
27_9ecb_58_67,27_9ecb
27_9ecb_114_131,27_9ecb
27_9ecb_254_256,27_9ecb
27_9ecb_266_274,27_9ecb
27_9ecb_414_431,27_9ecb
27_9ecb_763_772,27_9ecb
27_9ecb_796_798,27_9ecb
27_9ecb_838_845,27_9ecb
1_9ecb_196_205,1_9ecb
1_9ecb_245_270,1_9ecb
45_1ecb_1_14,45_1ecb
45_1ecb_217_231,45_1ecb
45_1ecb_379_392,45_1ecb
45_1ecb_492_504,45_1ecb
45_1ecb_538_546,45_1ecb
45_1ecb_562_566,45_1ecb
45_1ecb_738_751,45_1ecb
45_1ecb_839_853,45_1ecb
45_1ecb_931_941,45_1ecb
45_1ecb_944_952,45_1ecb
45_1ecb_1036_1044,45_1ecb
45_1ecb_1085_1098,45_1ecb
36_2ecb_462_478,36_2ecb
36_2ecb_515_519,36_2ecb
36_2ecb_1231_1249,36_2ecb
36_2ecb_1365_1370,36_2ecb
42_5ecb_1_12,42_5ecb
42_5ecb_47_68,42_5ecb
35_5ecb_11_19,35_5ecb
35_5ecb_62_77,35_5ecb
42_4ecb_1_19,42_4ecb
42_4ecb_24_42,42_4ecb
42_4ecb_64_72,42_4ecb
42_4ecb_88_109,42_4ecb
5_13ecb_48_51,5_13ecb
5_13ecb_138_152,5_13ecb
35_7ecb_13_20,35_7ecb
35_7ecb_279_294,35_7ecb
2_1ecb_23_35,2_1ecb
24_7ecb_114_175,24_7ecb
43_1ecb_144_166,43_1ecb
43_1ecb_169_172,43_1ecb
43_1ecb_191_202,43_1ecb
43_1ecb_268_284,43_1ecb
43_1ecb_306_309,43_1ecb
43_1ecb_357_362,43_1ecb
43_1ecb_455_458,43_1ecb
43_1ecb_1365_1370,43_1ecb
43_1ecb_1766_1771,43_1ecb
43_1ecb_2859_2872,43_1ecb
43_1ecb_2896_2899,43_1ecb
43_1ecb_3130_3133,43_1ecb
43_1ecb_3188_3203,43_1ecb
43_1ecb_4740_4743,43_1ecb
1_12ecb_68_77,1_12ecb
1_12ecb_95_120,1_12ecb
29_1ecb_273_280,29_1ecb
29_1ecb_336_341,29_1ecb
29_1ecb_353_363,29_1ecb
29_1ecb_439_446,29_1ecb
29_1ecb_447_470,29_1ecb
35_2ecb_1_7,35_2ecb
35_2ecb_130_145,35_2ecb
35_2ecb_169_172,35_2ecb
35_2ecb_944_951,35_2ecb
35_2ecb_1691_1701,35_2ecb
35_2ecb_1736_1743,35_2ecb
14_6ecb_1_9,14_6ecb
14_6ecb_58_86,14_6ecb
34_4ecb_29_41,34_4ecb
34_4ecb_88_104,34_4ecb
34_4ecb_122_137,34_4ecb
14_3ecb_1_6,14_3ecb
14_3ecb_47_69,14_3ecb
7_7ecb_1_18,7_7ecb
7_7ecb_64_76,7_7ecb
1_4ecb_272_281,1_4ecb
1_4ecb_307_332,1_4ecb
18_13ecb_159_170,18_13ecb
18_13ecb_204_226,18_13ecb
18_13ecb_249_267,18_13ecb
18_13ecb_285_305,18_13ecb
42_7ecb_140_148,42_7ecb
42_7ecb_168_189,42_7ecb
5_1ecb_1_14,5_1ecb
5_1ecb_25_43,5_1ecb
44_2ecb_1_15,44_2ecb
44_2ecb_67_90,44_2ecb
44_2ecb_234_236,44_2ecb
44_2ecb_261_264,44_2ecb
44_2ecb_921_923,44_2ecb
44_2ecb_1322_1324,44_2ecb
44_2ecb_2303_2306,44_2ecb
44_2ecb_2349_2351,44_2ecb
36_4ecb_199_216,36_4ecb
36_4ecb_243_308,36_4ecb
21_12ecb_37_48,21_12ecb
21_12ecb_111_149,21_12ecb
20_2ecb_74_87,20_2ecb
39_5ecb_1_5,39_5ecb
39_5ecb_133_144,39_5ecb
39_5ecb_400_407,39_5ecb
34_6ecb_1_17,34_6ecb
34_6ecb_43_51,34_6ecb
34_6ecb_79_89,34_6ecb
34_6ecb_92_106,34_6ecb
34_6ecb_143_151,34_6ecb
34_6ecb_211_214,34_6ecb
26_12ecb_11_21,26_12ecb
26_12ecb_72_83,26_12ecb
26_12ecb_119_134,26_12ecb
33_1ecb_58_77,33_1ecb
33_1ecb_149_154,33_1ecb
33_1ecb_239_258,33_1ecb
33_1ecb_292_300,33_1ecb
33_1ecb_341_351,33_1ecb
33_1ecb_409_425,33_1ecb
33_1ecb_1049_1060,33_1ecb
33_1ecb_1084_1091,33_1ecb
33_1ecb_1754_1761,33_1ecb
33_1ecb_1877_1884,33_1ecb
43_7ecb_345_372,43_7ecb
43_7ecb_472_493,43_7ecb
43_7ecb_499_515,43_7ecb
43_7ecb_547_550,43_7ecb
43_7ecb_581_592,43_7ecb
43_7ecb_628_636,43_7ecb
43_7ecb_696_698,43_7ecb
43_7ecb_802_805,43_7ecb
43_7ecb_1119_1132,43_7ecb
43_7ecb_1163_1166,43_7ecb
43_7ecb_1201_1204,43_7ecb
43_7ecb_1567_1570,43_7ecb
43_7ecb_2117_2123,43_7ecb
27_4ecb_57_66,27_4ecb
27_4ecb_137_154,27_4ecb
27_8ecb_1_9,27_8ecb
27_8ecb_27_29,27_8ecb
27_8ecb_56_65,27_8ecb
27_8ecb_109_126,27_8ecb
32_4ecb_277_282,32_4ecb
32_4ecb_377_402,32_4ecb
41_9ecb_32_37,41_9ecb
41_9ecb_62_82,41_9ecb
41_9ecb_138_144,41_9ecb
41_9ecb_164_171,41_9ecb
41_9ecb_342_361,41_9ecb
41_9ecb_1006_1012,41_9ecb
41_9ecb_1056_1070,41_9ecb
34_3ecb_10_22,34_3ecb
34_3ecb_32_48,34_3ecb
34_3ecb_52_68,34_3ecb
34_3ecb_73_76,34_3ecb
34_3ecb_84_99,34_3ecb
2_5ecb_185_229,2_5ecb
2_5ecb_284_291,2_5ecb
2_5ecb_328_337,2_5ecb
3_2ecb_41_54,3_2ecb
27_11ecb_42_51,27_11ecb
27_11ecb_152_169,27_11ecb
27_11ecb_241_256,27_11ecb
26_1ecb_1_17,26_1ecb
26_1ecb_38_52,26_1ecb
26_1ecb_137_146,26_1ecb
26_1ecb_226_247,26_1ecb
14_5ecb_220_233,14_5ecb
14_5ecb_238_260,14_5ecb
14_5ecb_308_350,14_5ecb
25_8ecb_47_53,25_8ecb
25_8ecb_61_65,25_8ecb
25_8ecb_167_174,25_8ecb
25_8ecb_177_183,25_8ecb
25_8ecb_188_192,25_8ecb
32_3ecb_528_542,32_3ecb
32_3ecb_563_605,32_3ecb
32_3ecb_652_687,32_3ecb
32_3ecb_897_910,32_3ecb
32_3ecb_916_926,32_3ecb
32_3ecb_1043_1045,32_3ecb
32_3ecb_1118_1128,32_3ecb
30_11ecb_835_845,30_11ecb
30_11ecb_849_894,30_11ecb
25_14ecb_31_41,25_14ecb
25_14ecb_62_73,25_14ecb
21_3ecb_53_77,21_3ecb
1_1ecb_67_82,1_1ecb
1_1ecb_121_130,1_1ecb
1_1ecb_156_168,1_1ecb
1_1ecb_204_210,1_1ecb
1_1ecb_229_281,1_1ecb
1_1ecb_385_391,1_1ecb
1_1ecb_420_433,1_1ecb
1_1ecb_464_475,1_1ecb
26_13ecb_12_22,26_13ecb
26_13ecb_131_148,26_13ecb
26_13ecb_256_312,26_13ecb
26_13ecb_315_321,26_13ecb
26_13ecb_327_336,26_13ecb
31_5ecb_1_10,31_5ecb
31_5ecb_53_67,31_5ecb
31_5ecb_79_95,31_5ecb
31_5ecb_160_170,31_5ecb
31_5ecb_214_228,31_5ecb
31_5ecb_264_273,31_5ecb
31_5ecb_288_298,31_5ecb
31_5ecb_309_319,31_5ecb
31_5ecb_372_381,31_5ecb
31_5ecb_509_519,31_5ecb
9_2ecb_4_23,9_2ecb
9_2ecb_86_108,9_2ecb
34_9ecb_15_20,34_9ecb
34_9ecb_70_82,34_9ecb
34_9ecb_125_140,34_9ecb
34_9ecb_239_244,34_9ecb
34_9ecb_332_335,34_9ecb
34_9ecb_347_352,34_9ecb
1_14ecb_1_9,1_14ecb
1_14ecb_30_35,1_14ecb
1_14ecb_96_105,1_14ecb
1_14ecb_126_158,1_14ecb
1_14ecb_185_195,1_14ecb
1_14ecb_384_388,1_14ecb
7_5ecb_1_18,7_5ecb
7_5ecb_32_35,7_5ecb
7_5ecb_38_41,7_5ecb
7_5ecb_46_49,7_5ecb
7_5ecb_112_124,7_5ecb
41_6ecb_126_132,41_6ecb
41_6ecb_175_189,41_6ecb
41_6ecb_318_339,41_6ecb
41_6ecb_478_493,41_6ecb
41_6ecb_797_813,41_6ecb
41_6ecb_856_869,41_6ecb
41_6ecb_1562_1570,41_6ecb
41_6ecb_1669_1680,41_6ecb
11_3ecb_1_6,11_3ecb
28_10ecb_1_9,28_10ecb
28_10ecb_57_69,28_10ecb
23_4ecb_1_10,23_4ecb
27_15ecb_55_64,27_15ecb
27_15ecb_140_157,27_15ecb
2_6ecb_72_84,2_6ecb
2_6ecb_140_144,2_6ecb
2_6ecb_181_196,2_6ecb
13_4ecb_69_78,13_4ecb
37_2ecb_151_182,37_2ecb
37_2ecb_1415_1459,37_2ecb
35_1ecb_169_184,35_1ecb
35_1ecb_239_246,35_1ecb
35_1ecb_307_332,35_1ecb
27_1ecb_49_58,27_1ecb
27_1ecb_122_139,27_1ecb
27_1ecb_563_572,27_1ecb
27_1ecb_608_625,27_1ecb
21_8ecb_1_11,21_8ecb
21_8ecb_74_112,21_8ecb
22_5ecb_4_30,22_5ecb
22_5ecb_133_145,22_5ecb
22_5ecb_176_196,22_5ecb
43_4ecb_1_27,43_4ecb
43_4ecb_78_99,43_4ecb
43_4ecb_104_120,43_4ecb
43_4ecb_175_186,43_4ecb
43_4ecb_287_290,43_4ecb
43_4ecb_369_374,43_4ecb
28_11ecb_1_9,28_11ecb
28_11ecb_14_25,28_11ecb
28_11ecb_54_66,28_11ecb
28_11ecb_128_139,28_11ecb
28_11ecb_334_343,28_11ecb
28_11ecb_346_350,28_11ecb
28_11ecb_391_429,28_11ecb
28_11ecb_465_469,28_11ecb
24_5ecb_82_122,24_5ecb
35_8ecb_11_18,35_8ecb
35_8ecb_81_96,35_8ecb
13_5ecb_5_16,13_5ecb
34_15ecb_1_16,34_15ecb
43_2ecb_31_47,43_2ecb
43_2ecb_100_122,43_2ecb
43_2ecb_276_288,43_2ecb
43_2ecb_366_369,43_2ecb
43_2ecb_382_388,43_2ecb
43_2ecb_394_397,43_2ecb
42_13ecb_1_3,42_13ecb
42_13ecb_8_20,42_13ecb
42_13ecb_57_78,42_13ecb
42_13ecb_134_138,42_13ecb
14_7ecb_41_57,14_7ecb
44_4ecb_74_97,44_4ecb
44_4ecb_147_162,44_4ecb
44_4ecb_258_261,44_4ecb
44_4ecb_405_408,44_4ecb
44_4ecb_505_514,44_4ecb
44_4ecb_866_869,44_4ecb
44_4ecb_873_889,44_4ecb
44_4ecb_996_999,44_4ecb
31_6ecb_1_16,31_6ecb
31_6ecb_43_57,31_6ecb
31_6ecb_107_116,31_6ecb
31_6ecb_159_169,31_6ecb
13_8ecb_1_11,13_8ecb
8_8ecb_15_28,8_8ecb
8_8ecb_60_83,8_8ecb
8_8ecb_96_107,8_8ecb
8_8ecb_115_141,8_8ecb
8_8ecb_178_202,8_8ecb
8_4ecb_19_45,8_4ecb
13_10ecb_4_24,13_10ecb
13_10ecb_133_144,13_10ecb
2_4ecb_287_294,2_4ecb
2_7ecb_4_47,2_7ecb
2_7ecb_70_82,2_7ecb
2_7ecb_137_157,2_7ecb
24_10ecb_1_7,24_10ecb
29_5ecb_29_47,29_5ecb
29_5ecb_62_77,29_5ecb
29_5ecb_127_139,29_5ecb
29_7ecb_48_62,29_7ecb
29_7ecb_109_123,29_7ecb
29_7ecb_220_238,29_7ecb
29_7ecb_248_268,29_7ecb
29_7ecb_879_891,29_7ecb
29_7ecb_909_917,29_7ecb
29_7ecb_991_994,29_7ecb
29_7ecb_1039_1044,29_7ecb
25_6ecb_4_10,25_6ecb
25_6ecb_23_27,25_6ecb
25_6ecb_62_82,25_6ecb
25_6ecb_93_97,25_6ecb
25_6ecb_144_155,25_6ecb
25_6ecb_165_171,25_6ecb
22_8ecb_4_30,22_8ecb
42_9ecb_1_18,42_9ecb
42_9ecb_40_52,42_9ecb
42_9ecb_80_101,42_9ecb
21_5ecb_94_136,21_5ecb
13_12ecb_68_79,13_12ecb
42_3ecb_39_47,42_3ecb
42_3ecb_70_91,42_3ecb
36_6ecb_47_58,36_6ecb
36_6ecb_80_91,36_6ecb
36_6ecb_121_125,36_6ecb
36_6ecb_161_181,36_6ecb
36_6ecb_193_203,36_6ecb
36_6ecb_346_364,36_6ecb
36_6ecb_367_374,36_6ecb
36_6ecb_385_389,36_6ecb
36_6ecb_394_403,36_6ecb
36_6ecb_475_479,36_6ecb
33_4ecb_84_100,33_4ecb
33_4ecb_156_170,33_4ecb
33_4ecb_203_214,33_4ecb
33_4ecb_275_291,33_4ecb
33_4ecb_390_404,33_4ecb
33_4ecb_805_816,33_4ecb
33_4ecb_832_839,33_4ecb
33_4ecb_975_989,33_4ecb
33_4ecb_1043_1059,33_4ecb
29_11ecb_363_370,29_11ecb
29_11ecb_431_436,29_11ecb
29_11ecb_449_459,29_11ecb
29_11ecb_467_470,29_11ecb
29_11ecb_510_517,29_11ecb
29_11ecb_538_542,29_11ecb
29_11ecb_564_579,29_11ecb
29_11ecb_609_621,29_11ecb
29_11ecb_650_663,29_11ecb
26_8ecb_12_24,26_8ecb
26_8ecb_239_251,26_8ecb
26_8ecb_359_379,26_8ecb
4_7ecb_1_11,4_7ecb
4_7ecb_183_187,4_7ecb
4_7ecb_298_310,4_7ecb
7_9ecb_1_18,7_9ecb
7_9ecb_32_35,7_9ecb
7_9ecb_40_43,7_9ecb
7_9ecb_122_134,7_9ecb
30_3ecb_1098_1113,30_3ecb
30_3ecb_1147_1156,30_3ecb
26_3ecb_141_147,26_3ecb
26_3ecb_188_205,26_3ecb
26_3ecb_256_295,26_3ecb
28_9ecb_1_12,28_9ecb
28_9ecb_92_103,28_9ecb
28_9ecb_150_163,28_9ecb
28_9ecb_191_195,28_9ecb
28_9ecb_201_239,28_9ecb
28_9ecb_317_327,28_9ecb
41_7ecb_43_58,41_7ecb
41_7ecb_75_77,41_7ecb
41_7ecb_142_148,41_7ecb
41_7ecb_569_581,41_7ecb
41_7ecb_591_593,41_7ecb
41_7ecb_735_740,41_7ecb
41_7ecb_2000_2026,41_7ecb
41_7ecb_2976_2981,41_7ecb
41_7ecb_3140_3151,41_7ecb
25_10ecb_49_69,25_10ecb
25_10ecb_78_96,25_10ecb
25_10ecb_110_121,25_10ecb
25_10ecb_166_170,25_10ecb
25_10ecb_184_187,25_10ecb
25_10ecb_223_234,25_10ecb
25_10ecb_264_268,25_10ecb
31_8ecb_55_71,31_8ecb
31_8ecb_78_92,31_8ecb
31_8ecb_148_158,31_8ecb
31_8ecb_161_170,31_8ecb
31_8ecb_257_266,31_8ecb
31_8ecb_288_298,31_8ecb
31_8ecb_361_388,31_8ecb
31_8ecb_456_467,31_8ecb
34_14ecb_16_28,34_14ecb
34_14ecb_96_108,34_14ecb
28_8ecb_39_57,28_8ecb
28_8ecb_84_87,28_8ecb
28_8ecb_160_213,28_8ecb
26_7ecb_11_23,26_7ecb
26_7ecb_95_124,26_7ecb
26_7ecb_178_195,26_7ecb
26_7ecb_233_244,26_7ecb
26_7ecb_326_347,26_7ecb
29_10ecb_1_5,29_10ecb
29_10ecb_21_26,29_10ecb
29_10ecb_54_61,29_10ecb
29_10ecb_62_76,29_10ecb
29_10ecb_140_158,29_10ecb
29_10ecb_180_200,29_10ecb
29_10ecb_209_219,29_10ecb
29_10ecb_236_260,29_10ecb
29_10ecb_276_281,29_10ecb
31_2ecb_118_128,31_2ecb
31_2ecb_224_233,31_2ecb
31_2ecb_294_304,31_2ecb
31_2ecb_328_355,31_2ecb
31_2ecb_363_372,31_2ecb
7_6ecb_238_247,7_6ecb
7_6ecb_258_264,7_6ecb
7_6ecb_410_420,7_6ecb
27_3ecb_264_279,27_3ecb
27_3ecb_339_356,27_3ecb
14_2ecb_1_16,14_2ecb
37_3ecb_760_767,37_3ecb
13_20ecb_1_11,13_20ecb
13_20ecb_152_172,13_20ecb
24_8ecb_1_9,24_8ecb
24_8ecb_61_77,24_8ecb
24_8ecb_104_110,24_8ecb
4_14ecb_11_22,4_14ecb
29_3ecb_36_54,29_3ecb
29_3ecb_163_183,29_3ecb
29_3ecb_195_210,29_3ecb
9_9ecb_64_86,9_9ecb
9_9ecb_93_112,9_9ecb
44_7ecb_1_15,44_7ecb
44_7ecb_19_22,44_7ecb
44_7ecb_44_47,44_7ecb
44_7ecb_134_143,44_7ecb
44_7ecb_190_213,44_7ecb
44_7ecb_234_236,44_7ecb
44_7ecb_397_399,44_7ecb
44_7ecb_444_448,44_7ecb
44_7ecb_501_504,44_7ecb
44_7ecb_513_517,44_7ecb
44_7ecb_574_576,44_7ecb
44_7ecb_658_661,44_7ecb
44_7ecb_675_679,44_7ecb
44_7ecb_693_695,44_7ecb
44_7ecb_837_839,44_7ecb
44_7ecb_869_872,44_7ecb
12_13ecb_131_147,12_13ecb
32_2ecb_1395_1401,32_2ecb
10_8ecb_51_63,10_8ecb
10_8ecb_146_159,10_8ecb
10_8ecb_212_225,10_8ecb
10_8ecb_229_248,10_8ecb
10_8ecb_257_267,10_8ecb
13_11ecb_1_11,13_11ecb
13_11ecb_86_106,13_11ecb
13_11ecb_120_131,13_11ecb
25_7ecb_4_22,25_7ecb
25_7ecb_43_54,25_7ecb
3_6ecb_27_40,3_6ecb
31_1ecb_63_79,31_1ecb
31_1ecb_119_133,31_1ecb
31_1ecb_181_191,31_1ecb
31_1ecb_194_204,31_1ecb
31_1ecb_252_261,31_1ecb
18_6ecb_73_76,18_6ecb
18_6ecb_113_122,18_6ecb
18_6ecb_126_148,18_6ecb
18_6ecb_1883_1905,18_6ecb
40_7ecb_1_9,40_7ecb
26_2ecb_25_37,26_2ecb
26_2ecb_157_174,26_2ecb
26_2ecb_269_325,26_2ecb
26_5ecb_12_24,26_5ecb
26_5ecb_44_63,26_5ecb
26_5ecb_114_120,26_5ecb
26_5ecb_126_135,26_5ecb
26_5ecb_165_175,26_5ecb
22_1ecb_23_43,22_1ecb
22_1ecb_85_111,22_1ecb
40_5ecb_216_221,40_5ecb
40_5ecb_292_303,40_5ecb
40_5ecb_353_356,40_5ecb
